曲名,PACK,カテゴリ,アーティスト,BPM,実装日,4N,4H,4M,4S,5N,5H,5M,5S,6N,6H,6M,6S,8N,8H,8M,8S,備考
2Nite,標準,RESPECT,ND Lee,110,2019/12/19,3,6,-,-,4,9,-,-,3,8,-,-,4,8,-,-,
Airlock,標準,RESPECT,XeoN,150,2022/04/28,5,9,13,13,5,9,14,12,4,7,13,13,5,10,14,14,シリーズ(TAPSONIC BOLD扱い/初出はBMS(KBP2010))
ALiCE,TECHNIKA 3,RESPECT,seibin,145,2020/09/24,4,8,12,-,5,9,11,9,5,9,11,11,5,10,12,-,
Alone [Nauts],標準,RESPECT,Nauts,115,2021/12/02,6,9,-,5,5,8,12,-,5,8,12,-,5,8,12,5,シリーズ(DJMAX RAY)
Alone [Marshmello],標準,RESPECT,Marshmello,142,2019/12/19,6,10,-,-,4,8,-,-,5,8,12,-,5,8,12,-,版権(Marshmello)
Always,標準,RESPECT,YUGI / Mool,135,2019/12/19,4,7,-,-,6,9,-,-,5,10,-,-,6,10,-,-,NEOWIZ(Yogurting)
ANALYS,BLACK SQUARE,RESPECT,HAYAKO,170,2020/05/28,7,11,14,-,7,11,-,14,7,11,14,12,8,11,14,13,
Angelic Tears,標準,RESPECT,SHIKI,146,2022/06/23,5,9,12,6,5,9,12,7,4,8,12,9,5,8,13,12,シリーズ(DJMAX Online)
Armored Phantom,標準,RESPECT,ned,151,2019/12/19,3,7,-,-,6,11,-,-,7,9,12,-,6,11,-,-,NEOWIZ(WILD GEAR)
Aurora Borealis,標準,RESPECT,Electronic Boutique,153,2022/03/17,5,9,14,-,5,9,13,-,7,11,-,13,6,-,13,11,シリーズ(DJMAX Online)
Beautiful Day,標準,RESPECT,ND Lee,83,2019/12/19,3,6,8,-,4,8,-,-,2,8,-,-,4,8,-,-,
Beyond Yourself,標準,RESPECT,Mycin.T,90,2019/12/19,6,9,-,-,6,10,-,12,7,9,12,12,6,11,-,-,NEOWIZ(WILD GEAR)
Binary World,標準,RESPECT,Tsukasa,182,2019/12/19,5,8,13,-,5,7,13,12,9,12,13,-,5,7,13,10,
BlackCat,標準,RESPECT,BEXTER,130,2019/12/19,5,12,-,-,6,11,-,5,5,8,12,6,7,12,-,-,
Bleed,標準,RESPECT,Axol & The Tech Thieves,145,2020/01/02,3,5,-,-,5,9,-,-,5,9,-,-,5,9,-,-,版権(NCS楽曲)
Boom!,標準,RESPECT,BEXTER,175,2019/12/19,4,8,12,-,6,8,12,10,5,9,13,-,6,10,13,8,RESPECT V オープニング
Bullet Wanted!,標準,RESPECT,Mycin.T,150,2019/12/19,4,8,-,5,7,10,-,-,6,9,11,9,7,11,-,-,NEOWIZ(WILD GEAR)
Chemical Slave,標準,RESPECT,XeoN,150,2020/06/18,5,11,-,10,6,-,11,-,6,12,-,11,3,8,14,-,シリーズ(TAPSONIC)
Child of Night,標準,RESPECT,GOTH,130,2019/12/19,6,8,-,11,7,9,12,-,7,10,12,11,7,9,12,-,
comet,標準,RESPECT,Mycin.T,109,2020/06/24,3,8,-,-,5,9,-,-,6,10,-,-,5,11,-,-,シリーズ(TAPSONIC TOP)
Dance of the Dead,標準,RESPECT,GOTH,154,2021/01/28,6,9,-,11,6,12,14,-,6,11,14,-,6,12,14,12,シリーズ(TAPSONIC WORLD CHAMPION)
Daylight,標準,RESPECT,CROOVE,165,2022/04/28,6,10,14,15,6,10,14,13,6,11,14,13,6,11,14,13,シリーズ(DJMAX RAY)
Do you want it,TECHNIKA,RESPECT,House Rulez,123,2020/09/24,5,8,-,-,7,9,-,4,5,9,-,8,5,11,-,-,
Don't Die,標準,RESPECT,Paul Bazooka,175,2019/12/19,5,10,13,11,7,10,14,-,8,11,14,12,7,10,14,-,
End of Mythology,TECHNIKA 2,RESPECT,Alice Schach and the Magic Orchestra,123,2020/09/24,3,8,12,-,4,-,12,4,5,8,12,5,4,7,12,-,
Enter The Universe,標準,RESPECT,GOTH,162,2019/12/19,6,9,12,-,7,10,15,13,9,12,14,13,7,10,14,-,
Far East Princess,標準,RESPECT,Nauts,102,2019/12/19,5,7,10,5,5,10,-,8,3,9,10,-,5,9,-,-,
Flowering,標準,RESPECT,ampstyle,148,2021/09/14,6,9,13,-,7,13,-,11,7,10,13,11,7,11,13,11,版権(Dareharu)
Fly Away,標準,RESPECT,XeoN,140,2019/12/19,3,10,-,7,6,10,-,8,4,-,11,9,6,10,-,9,TECHNIKA Q
Get Jinxed,標準,RESPECT,Agnete K,180,2020/01/09,5,8,13,-,5,8,12,7,5,9,11,7,5,8,12,7,コラボ(League of Legends)
Ghost Voices,標準,RESPECT,Virtual Self,120,2019/12/26,4,9,-,-,5,11,-,-,6,10,-,-,6,11,-,-,版権(Porter Robinson)
glory day,標準,RESPECT,BEXTER x Mycin.T,162,2019/12/19,8,10,-,4,7,10,-,-,6,11,-,6,7,10,-,4,
glory day (Mintorment Remix),PORTABLE 3,RESPECT,Mintorment,170,2021/04/19,7,-,14,-,6,12,14,-,7,-,13,11,7,14,-,12,RESPECT3周年記念公募採用曲
glory day -JHS Remix-,PORTABLE 3,RESPECT,JHS,178,2021/04/19,5,9,12,9,6,11,13,-,6,10,13,-,6,11,13,12,RESPECT3周年記念公募採用曲
Grid System,標準,RESPECT,Tsukasa,146,2021/03/12,5,9,14,-,4,9,13,10,6,-,13,12,5,9,13,-,シリーズ(DJMAX Online)
Groovin Up,標準,RESPECT,Mycin.T,120,2019/12/19,3,6,-,-,5,9,-,-,5,8,11,-,5,9,-,-,
Heavenly,標準,RESPECT,makou,125,2019/12/19,5,7,-,-,4,8,-,-,5,9,12,-,4,9,-,-,
I want You ~Twinkle Twinkle Sunshine~,標準,RESPECT,Studuo LAY-BACK,165,2020/08/06,3,7,12,-,6,9,12,-,5,10,12,10,6,10,12,5,NEOWIZ相互コラボ(BrownDust)
Karma,標準,RESPECT,ampstyle,132,2021/01/28,5,-,12,-,6,10,-,10,5,9,13,10,5,10,13,-,版権(Dareharu)
KILLER BEE,標準,RESPECT,GOTH,116-155,2019/12/19,4,6,11,13,7,11,-,-,8,9,13,-,7,13,-,10,
Kingdom,標準,RESPECT,Phantom Sage,120,2020/01/02,5,-,11,-,5,7,-,-,5,-,8,-,6,11,-,-,版権(NCS楽曲)
Kung Brother,標準,RESPECT,Paul Bazooka,145,2019/12/19,6,9,-,-,6,11,-,-,8,10,13,-,6,11,-,-,
Liar,標準,RESPECT,zts,140,2019/12/19,6,9,-,11,8,12,-,-,8,10,13,11,8,13,-,-,シリーズ(DJMAX TECHNIKA Qで先行実装)
Lift You Up,標準,RESPECT,makou,88,2019/12/19,2,5,-,-,4,7,-,-,3,7,-,-,4,7,-,-,
Mulch,標準,RESPECT,Sampling Masters MEGA,200,2019/12/19,6,12,-,-,7,-,14,14,8,12,14,13,7,-,15,-,
NB RANGER - Virgin Force,標準,RESPECT,NieN,198,2019/12/19,5,10,-,12,7,12,15,-,7,12,14,12,7,11,15,-,
NEON 1989 (ESTi Remix),標準,RESPECT,OREO,120,2019/12/19,4,7,-,-,3,7,-,-,4,7,-,5,5,9,-,4,版権(ESTIMATE)
Nevermind,TRILOGY,RESPECT,Paul Bazooka,142,2020/04/14,7,10,13,-,7,11,-,13,7,10,13,13,6,10,15,-,
Only for you,標準,RESPECT,NieN,122,2019/12/19,1,4,9,3,5,7,10,-,4,7,11,3,5,7,10,3,
OPEN FIRE,標準,RESPECT,JC,140,2019/12/19,4,7,-,-,4,8,-,-,5,7,-,-,5,8,-,-,
OrBiTal,標準,RESPECT,Paul Bazooka,130,2022/04/28,4,7,13,12,5,10,14,10,5,10,13,12,7,10,14,12,シリーズ(DJMAX RAY)
Over Your Dream,標準,RESPECT,xxdbxx,174,2019/12/19,5,11,-,-,5,11,-,-,5,10,11,-,7,12,-,-,シリーズ(DJMAX TRILOGYオープニング)
POP/STARS,標準,RESPECT,K/DA,170,2020/01/09,5,9,12,-,5,8,12,9,5,8,11,6,5,9,13,8,コラボ(League of Legends)
quixotic,標準,RESPECT,bermei.inazawa,174,2019/12/19,7,12,-,11,7,11,-,-,6,-,13,11,7,11,13,-,
Relation Again (ESTi's Remix),標準,RESPECT,Tsukasa / ESTi,135,2021/08/30,4,8,-,5,5,9,13,-,5,11,-,8,6,-,12,-,シリーズ(DJMAX Online)
Remains Of Doom,標準,RESPECT,NieN,124,2019/12/19,7,13,-,-,6,9,14,14,9,12,15,-,6,10,13,12,
Rising The Sonic,Clazziquai Edition,RESPECT,Dayz,137,2020/05/28,4,9,12,-,5,10,13,7,5,9,13,11,5,10,14,-,
RockSTAR,標準,RESPECT,Mr.Funky,126,2020/06/18,5,9,-,-,4,11,-,-,4,11,-,-,3,7,13,-,シリーズ(TAPSONIC)
Royal Clown,標準,RESPECT,bermei.inazawa,143-164,2019/12/19,6,8,14,-,7,11,-,10,7,10,13,11,7,10,14,-,
Runaway,標準,RESPECT,LeeZu,140,2019/12/19,6,10,-,-,8,11,-,11,9,11,12,11,8,13,-,-,
Running girl,標準,RESPECT,Mycin.T,170,2019/12/19,5,7,-,4,5,9,-,-,4,10,12,6,6,10,-,-,
Ruti'n (GOTH Wild Electro Remix),標準,RESPECT,GOTH,112,2019/12/19,6,10,-,-,4,10,-,-,7,10,13,-,7,12,-,-,NEOWIZ(WILD GEAR)
Sad Machine,標準,RESPECT,Porter Robinson,177,2019/12/26,3,5,8,-,5,7,10,3,4,7,10,3,5,7,10,-,版権(Porter Robinson)
Secret Dejavu,標準,RESPECT,DINY,160,2019/12/19,4,6,10,9,5,10,-,-,6,8,11,11,5,10,-,-,
Shadow Flower,標準,RESPECT,ned,142,2019/12/19,3,6,-,-,6,9,-,-,5,11,-,5,6,9,-,-,
So Happy,標準,RESPECT,Raven & Kreyn,126,2020/01/02,5,-,10,5,5,9,-,-,4,7,11,-,5,10,12,8,版権(NCS楽曲)
Soar ~Stay With Me~,標準,RESPECT,Mycin.T,142,2019/12/19,4,7,-,-,6,10,-,-,6,10,11,-,7,11,-,-,"NEOWIZ(WILD GEAR),以前のPS4版での表記は「飛翔~Stay With Me~」"
SOUL LADY,標準,RESPECT,ESTi,120,2021/08/19,5,8,12,-,6,-,12,5,5,8,12,5,5,11,13,9,版権(ESTIMATE)
Techno Racer,TECHNIKA TUNE & Q,RESPECT,Paul Bazooka,142,2022/07/28,6,10,12,11,5,8,11,10,5,8,12,11,7,11,13,13,
The Feelings,標準,RESPECT,Supbaby,130,2019/12/19,5,7,-,-,6,9,-,-,6,10,-,-,6,10,-,-,
The Lost Story,標準,RESPECT,NEOWIZ Bless Soundteam,70,2019/12/19,1,4,-,-,4,8,-,-,2,7,-,-,4,7,-,-,NEOWIZ(BLESS)
The Obliterator,標準,RESPECT,GOTH,186,2019/12/19,5,8,-,8,7,11,-,-,8,-,13,-,7,11,-,10,NEOWIZ(WILD GEAR)
To Be With You,標準,RESPECT,STARTRACK,130,2022/03/17,4,7,10,3,6,8,11,3,5,8,-,-,4,10,-,-,シリーズ(TAPSONIC TOP)
Tok! Tok! Tok!,標準,RESPECT,STARTRACK,178,2019/12/19,4,7,-,-,4,7,-,-,4,6,10,4,5,8,11,8,シリーズ(TAPSONIC TOP)
U.A.D,標準,RESPECT,HAYAKO,129,2019/12/19,3,6,-,11,5,10,-,10,6,8,11,-,8,-,12,5,
v o l d e n u i t,標準,RESPECT,Cuve,105,2019/12/19,5,9,12,13,4,9,12,-,5,9,12,13,6,9,13,-,
Void,標準,RESPECT,Kobayashi Tetsuya,127,2019/12/19,3,7,11,-,5,11,-,-,5,10,-,-,5,11,-,-,NEOWIZ(BrownDust)
waiting for me,標準,RESPECT,Croove,150,2019/12/19,3,8,-,-,4,8,-,-,4,9,-,-,5,9,-,-,
Waiting for you,標準,RESPECT,Mycin.T,175,2019/12/19,4,8,-,7,6,10,-,-,6,12,-,9,7,11,-,-,
Watch Your Step,標準,RESPECT,XeoN,130,2020/06/18,4,-,12,-,5,8,-,9,3,-,10,9,3,6,13,-,シリーズ(TAPSONIC)
We're All Gonna Die,標準,RESPECT,Paul Bazooka,180,2019/12/19,8,12,14,-,8,13,-,15,11,13,15,14,8,13,15,-,
WHY,標準,RESPECT,Nauts,84,2019/12/19,3,7,-,-,5,10,-,-,2,7,10,-,4,7,-,-,
風にお願い,標準,PORTABLE 1,Forte Escape,108,2019/12/19,1,7,-,-,6,7,-,-,3,7,9,-,4,8,-,-,
風にお願い ~Live Mix~,標準,PORTABLE 1,Forte Escape,210,2019/12/19,5,-,12,11,6,10,-,-,7,11,-,-,7,-,13,7,
A.I,標準,PORTABLE 1,Forte Escape,138,2019/12/19,4,9,-,-,8,12,-,8,7,11,13,-,8,10,-,9,
Astro Fight,標準,PORTABLE 1,Forte Escape,183,2019/12/19,8,13,-,-,8,11,-,13,7,13,14,-,8,12,-,11,
BlythE,標準,PORTABLE 1,M2U,170,2019/12/19,6,10,14,-,6,11,-,12,8,11,14,12,7,-,14,-,
Bright Dream,標準,PORTABLE 1,M2U,130,2019/12/19,2,4,-,-,5,8,-,-,4,7,10,-,6,9,-,-,
Can We Talk,標準,PORTABLE 1,Forte Escape,125,2019/12/19,1,7,-,-,7,9,13,-,5,8,11,-,8,9,13,-,
Catch Me,標準,PORTABLE 1,Forte Escape,145,2019/12/19,3,6,-,-,6,-,-,5,7,8,-,-,8,12,-,6,
Chrono Breakers,標準,PORTABLE 1,NieN,178,2019/12/19,5,7,11,6,7,10,-,-,7,12,-,6,8,12,-,-,
CnP,標準,PORTABLE 1,CrooFE,127,2019/12/19,3,8,12,-,4,9,12,8,4,9,12,-,5,10,12,7,
Dreadnought,標準,PORTABLE 1,EarBreaker,140,2019/12/19,6,9,12,11,8,11,-,-,8,-,13,11,8,13,-,-,
Elastic STAR,標準,PORTABLE 1,Forte Escape,132,2019/12/19,4,7,-,-,6,7,-,-,4,8,-,-,4,7,-,-,
End of the Moonlight,標準,PORTABLE 1,Forte Escape,155,2019/12/19,3,7,10,-,5,9,-,8,5,9,12,8,7,11,-,-,
Enemy Storm,標準,PORTABLE 1,Croove,133,2019/12/19,2,5,13,9,5,8,-,-,6,8,11,-,5,10,14,8,
Eternal Memory,標準,PORTABLE 1,M2U,125,2019/12/19,2,6,-,-,3,9,-,-,2,7,-,-,5,7,-,-,
Every Morning,標準,PORTABLE 1,ND Lee,150,2019/12/19,4,8,-,-,8,9,-,-,6,9,-,-,8,10,-,-,
Extreme Z4,標準,PORTABLE 1,Forte Escape,152,2019/12/19,3,7,-,12,4,8,-,11,7,9,-,-,8,12,-,-,
FEAR,標準,PORTABLE 1,Supbaby,182,2019/12/19,4,9,-,-,5,9,12,-,6,12,-,9,8,11,12,-,
Fever GJ,標準,PORTABLE 1,xxdbxx,98,2019/12/19,3,7,-,-,3,6,-,-,3,7,9,-,7,-,-,-,
FTR,標準,PORTABLE 1,Supbaby,140,2019/12/19,6,10,-,-,5,10,-,8,8,11,-,-,7,11,-,5,
Funky Chups,標準,PORTABLE 1,Forte Escape,127,2019/12/19,4,8,-,-,5,10,-,-,4,6,-,-,7,-,-,-,
Futurism,標準,PORTABLE 1,Forte Escape,142,2019/12/19,4,8,-,-,7,9,-,8,6,8,11,-,8,10,-,8,
HAMSIN,標準,PORTABLE 1,makou,150,2019/12/19,9,-,15,15,6,9,13,-,9,12,14,-,6,9,14,10,
JBG,標準,PORTABLE 1,Croove,102,2019/12/19,7,11,-,-,7,11,-,11,7,10,12,10,12,-,-,-,
Jupiter Driving,標準,PORTABLE 1,xxdbxx,144,2019/12/19,5,9,-,6,5,11,-,-,5,8,-,7,7,12,-,-,
KUDA,標準,PORTABLE 1,Gonzo,126,2019/12/19,8,11,-,8,5,9,-,-,8,12,-,11,10,-,-,-,
Lemonade,標準,PORTABLE 1,M2U,195,2019/12/19,8,-,-,8,6,13,-,-,7,10,-,10,8,13,-,-,
Let's Go Baby,標準,PORTABLE 1,3rd Coast,108,2019/12/19,2,5,-,-,6,8,-,-,3,7,10,-,9,-,-,-,
Light House,標準,PORTABLE 1,xxdbxx,162,2019/12/19,4,9,-,9,4,11,-,-,6,8,11,-,7,12,-,12,
Long Vacation,標準,PORTABLE 1,ESTi,138,2019/12/19,4,8,-,-,3,6,-,4,5,9,-,-,7,-,-,4,
Luv Flow,標準,PORTABLE 1,3rd Coast,115,2019/12/19,1,5,-,-,3,6,-,-,1,5,-,-,6,8,-,-,
MASAI,標準,PORTABLE 1,Croove,128,2019/12/19,4,7,11,-,5,8,12,11,7,10,12,-,10,-,-,9,
Memory of Beach,標準,PORTABLE 1,M2U,130,2019/12/19,6,11,-,-,7,12,-,4,6,9,12,-,8,-,13,3,
Minimal Life,標準,PORTABLE 1,EarBreaker,145,2019/12/19,5,7,-,12,7,9,-,11,8,12,-,-,8,10,14,-,
NB RANGER,標準,PORTABLE 1,M2U,140,2019/12/19,8,12,-,-,7,12,-,11,7,10,13,12,9,13,-,-,
Never Say,標準,PORTABLE 1,ND Lee,90,2019/12/19,3,6,-,-,6,7,-,9,2,7,12,-,8,-,-,8,
OBLIVION,標準,PORTABLE 1,ESTi,141,2019/12/19,3,6,11,9,7,-,11,11,3,8,11,-,6,12,-,9,
OBLIVION ~Rockin' Night Style~,標準,PORTABLE 1,NieN,141,2019/12/19,3,8,12,-,4,10,13,12,7,9,13,-,6,10,14,11,
ON,標準,PORTABLE 1,ND Lee,72,2019/12/19,3,5,-,-,2,6,-,-,6,10,-,-,7,-,-,-,
One the Love,標準,PORTABLE 1,xxdbxx,125,2019/12/19,2,5,-,4,6,8,-,-,3,6,11,8,7,8,-,-,
Out Law,標準,PORTABLE 1,Croove,126,2019/12/19,5,12,-,-,7,12,-,9,7,11,13,9,8,12,-,-,
Para-Q,標準,PORTABLE 1,Forte Escape,160,2019/12/19,3,10,-,-,6,8,-,-,7,10,-,12,10,-,-,12,
Piano Concerto No.1,標準,PORTABLE 1,WavFactory,156,2019/12/19,5,10,-,-,7,11,-,12,7,11,-,12,7,11,-,-,
Ray of Illuminati,標準,PORTABLE 1,ESTi,150,2019/12/19,4,7,13,-,6,8,13,11,7,10,13,-,8,11,-,7,
RED,標準,PORTABLE 1,Croove,128,2019/12/19,4,6,-,-,5,13,-,-,6,9,12,-,8,13,-,-,
REVENGE,標準,PORTABLE 1,ND Lee,120,2019/12/19,5,-,11,-,3,7,-,10,8,12,-,-,10,-,-,9,
Road Of Death,標準,PORTABLE 1,NieN,180,2019/12/19,4,9,-,12,7,13,-,13,8,11,15,-,7,14,-,15,
Rock Or Die,標準,PORTABLE 1,NieN,106,2019/12/19,6,-,-,12,6,9,-,-,6,10,12,-,6,9,-,11,
Save My Dream,標準,PORTABLE 1,Forte Escape,125,2019/12/19,1,4,-,-,2,4,-,-,2,5,9,-,5,8,-,-,
SIN,標準,PORTABLE 1,ESTi,190,2019/12/19,3,6,11,12,7,10,-,12,7,10,14,-,9,12,15,-,
SIN ~The Last Scene~,標準,PORTABLE 1,ESTi,200,2019/12/19,7,12,14,12,7,12,-,-,8,12,14,12,8,14,-,-,
Sunny Side,標準,PORTABLE 1,Croove,112,2019/12/19,4,8,-,-,5,9,-,-,5,8,11,-,9,-,-,-,
Sunny Side ~Deepn' Soul Mix~,標準,PORTABLE 1,makou,122,2019/12/19,7,10,-,5,7,11,-,-,7,-,11,5,8,10,-,-,
Temptation,標準,PORTABLE 1,S-TRO,136,2019/12/19,4,10,-,-,4,10,-,-,6,-,12,-,9,-,-,-,
Triple Zoe,標準,PORTABLE 1,Forte Escape,150,2019/12/19,4,12,-,-,6,11,-,7,8,12,-,8,10,13,-,-,
Ya! Party!,標準,PORTABLE 1,Forte Escape,194,2019/12/19,4,8,-,-,5,10,-,-,5,8,12,-,9,-,-,-,
A Lie,標準,PORTABLE 2,makou,100,2019/12/19,2,5,-,-,5,9,-,-,4,6,12,-,7,9,-,-,
Another DAY,標準,PORTABLE 2,Forte Escape,142,2019/12/19,3,7,11,6,6,8,-,-,5,8,10,7,7,10,-,-,
Brain Storm,標準,PORTABLE 2,Croove,172,2019/12/19,6,11,-,13,7,13,15,-,9,14,-,-,8,13,15,10,
Brandnew Days,標準,PORTABLE 2,Planetboom,124,2019/12/19,3,8,-,-,6,8,-,-,7,10,11,-,7,10,-,-,
Brave it Out,標準,PORTABLE 2,BEXTER,124,2019/12/19,6,8,-,-,5,9,11,5,6,10,13,-,7,10,12,-,
Bye Bye Love,標準,PORTABLE 2,3rd Coast,120,2019/12/19,2,8,-,-,6,7,-,-,6,9,11,-,6,8,-,-,
Chain of Gravity,標準,PORTABLE 2,Tsukasa,155,2019/12/19,5,12,-,10,5,10,-,-,7,10,12,10,6,12,-,-,
Cherokee,標準,PORTABLE 2,xxdbxx,136,2019/12/19,5,8,-,-,7,9,-,7,6,9,13,8,7,10,-,-,
DIVINE SERVICE,標準,PORTABLE 2,Electronic Boutique,151,2019/12/19,4,7,-,-,4,9,-,7,4,8,12,7,7,10,-,-,
Dream of You,標準,PORTABLE 2,makou,192,2019/12/19,4,7,11,-,6,10,-,10,5,9,11,9,8,12,-,-,
Fallen Angel,標準,PORTABLE 2,DJ Mocha,142,2019/12/19,4,9,-,-,4,8,-,-,3,7,10,7,8,10,-,-,
Fentanest,標準,PORTABLE 2,EarBreaker / Eszett,20-160,2019/12/19,4,10,-,8,6,9,-,-,7,11,-,8,6,9,-,-,
For Seasons,標準,PORTABLE 2,makou,116,2019/12/19,1,6,-,-,6,9,-,-,4,7,11,-,5,10,-,-,
For the IKARUS,標準,PORTABLE 2,NieN,154,2019/12/19,4,8,-,-,5,11,-,-,8,-,12,12,6,12,-,-,
Get on Top,標準,PORTABLE 2,Planetboom,125,2019/12/19,3,7,-,-,6,9,-,-,5,8,12,8,7,10,-,8,
GET OUT,標準,PORTABLE 2,ND Lee,112,2019/12/19,5,8,-,-,4,9,-,-,4,8,13,-,7,10,-,-,
Good Bye,標準,PORTABLE 2,Ruby Tuesday,136,2019/12/19,5,7,-,7,4,9,-,-,7,-,12,9,6,9,-,-,
HeartBeat,標準,PORTABLE 2,ND Lee,155,2019/12/19,3,5,-,3,4,8,-,-,4,7,9,5,6,9,-,-,
Hello Pinky,標準,PORTABLE 2,NieN,141,2019/12/19,5,8,-,-,5,10,-,4,7,11,-,-,6,11,-,3,
Higher,標準,PORTABLE 2,Supbaby,137,2019/12/19,4,8,-,10,6,12,-,-,6,9,-,9,4,8,13,-,
Ladymade Star,標準,PORTABLE 2,ESTi,136,2019/12/19,2,6,10,-,3,8,-,-,5,8,10,-,5,8,-,-,
Lost n' found,標準,PORTABLE 2,bermei.inazawa,165,2019/12/19,3,7,-,-,6,8,-,-,5,9,-,-,7,9,-,-,
Memoirs,標準,PORTABLE 2,M2U,140,2019/12/19,4,7,-,5,7,10,-,4,6,9,11,-,7,10,-,-,
Mess it Up,標準,PORTABLE 2,Nauts,140,2019/12/19,5,9,-,-,4,9,-,9,9,12,-,11,6,10,-,-,
Midnight Blood,標準,PORTABLE 2,NieN,147,2019/12/19,6,13,-,-,6,13,-,9,7,10,13,11,6,9,13,8,
Miles,標準,PORTABLE 2,Electronic Boutique,130,2019/12/19,4,10,-,6,5,10,13,-,4,9,13,9,4,11,13,-,
Minus 3,標準,PORTABLE 2,Croove,147,2019/12/19,8,11,-,9,6,12,-,-,10,-,13,-,7,12,-,10,
My Alias,標準,PORTABLE 2,Days,110,2019/12/19,6,9,-,-,6,9,12,-,6,9,14,-,5,10,-,-,
NANO RISK,標準,PORTABLE 2,Days,176,2019/12/19,7,-,-,8,7,11,-,-,6,9,12,9,7,11,-,-,
NB POWER,標準,PORTABLE 2,NieN,185,2019/12/19,5,7,-,12,6,9,13,-,7,11,13,-,7,10,-,10,
NB Rangers -Returns-,標準,PORTABLE 2,NieN,145,2019/12/19,5,9,-,11,7,11,-,-,9,11,13,-,7,13,-,10,
Negative Nature,標準,PORTABLE 2,Electronic Boutique,125-145,2019/12/19,4,8,-,-,4,7,-,6,7,12,-,8,4,8,-,-,
Nightmare,標準,PORTABLE 2,M2U,190,2019/12/19,9,12,-,15,8,13,15,15,8,13,15,-,8,12,15,15,
Phantom Of Sky,標準,PORTABLE 2,M2U,115,2019/12/19,3,7,10,-,4,7,-,3,5,10,-,3,4,8,-,-,
plastic method,標準,PORTABLE 2,zts,118,2019/12/19,5,8,-,5,8,12,-,-,8,12,-,8,8,12,-,-,
Right Now,標準,PORTABLE 2,makou,90,2019/12/19,1,5,-,-,4,8,-,-,4,8,11,-,6,9,-,-,
Rocka-a-doodle-doo,標準,PORTABLE 2,makou,135,2019/12/19,3,9,-,-,4,8,-,9,7,11,-,8,5,9,12,-,
Rolling On the Duck,標準,PORTABLE 2,NieN,180,2019/12/19,7,13,-,-,7,10,14,11,8,11,14,-,7,10,14,11,
Seeker,標準,PORTABLE 2,M2U,150,2019/12/19,5,9,-,11,8,-,14,-,5,9,13,11,7,13,-,-,
Showtime,標準,PORTABLE 2,Ruby Tuesday,138,2019/12/19,6,10,-,6,6,9,-,-,8,12,-,-,6,10,-,7,
Smoky Quartz,標準,PORTABLE 2,makou,104,2019/12/19,3,6,-,8,7,10,-,-,6,-,11,9,7,14,-,-,
sO mUCH iN LUV,標準,PORTABLE 2,3rd Coast,130,2019/12/19,1,6,-,-,3,6,-,-,4,7,11,-,7,-,-,-,
SQUEEZE,標準,PORTABLE 2,Oriental ST8,147,2019/12/19,4,9,-,12,7,11,-,-,8,10,12,-,7,12,-,8,
STALKER,標準,PORTABLE 2,ND Lee,112,2019/12/19,5,10,-,-,7,9,-,10,6,10,12,10,8,-,15,-,
StarFish,標準,PORTABLE 2,Planetboom,150,2019/12/19,6,9,-,-,7,10,-,-,6,10,-,-,6,9,-,-,
Stay with me,標準,PORTABLE 2,Ruby Tuesday,140,2019/12/19,2,4,-,7,4,7,-,-,3,7,-,-,7,9,-,6,
Sunset Rider,標準,PORTABLE 2,Nauts,170,2019/12/19,5,9,-,-,6,10,-,-,5,7,11,-,6,9,-,-,
Syriana,標準,PORTABLE 2,BEXTER,135,2019/12/19,6,9,-,-,6,9,-,7,6,9,13,-,5,9,-,7,
Taekwonburi,標準,PORTABLE 2,xxdbxx,162,2019/12/19,5,7,-,9,6,-,13,-,6,10,14,-,7,-,13,9,
WhiteBlue,標準,PORTABLE 2,zts,144,2019/12/19,7,9,13,-,6,10,13,10,7,11,13,11,8,11,13,-,
Yellowberry -AJ Mix-,標準,PORTABLE 2,Forte Escape,151,2019/12/19,4,7,-,-,3,6,-,-,5,9,-,-,4,11,-,-,
Yo Creo Que Si,標準,PORTABLE 2,makou,135,2019/12/19,6,9,-,-,6,9,-,-,8,-,12,-,7,9,-,-,
Your Own Miracle,標準,PORTABLE 2,Ruby Tuesday,136,2019/12/19,3,9,-,-,3,6,11,12,6,10,12,-,7,10,13,8,
Become Myself,PORTABLE 3,PORTABLE 3,Kibum / Yohan,95,2021/04/19,3,6,-,4,3,7,-,-,4,8,-,7,5,10,-,-,
Break!,PORTABLE 3,PORTABLE 3,Mr.Funky,167,2021/04/19,4,6,11,-,4,-,12,9,5,-,11,10,6,10,11,-,
Desperado ~Nu Skool Mix~,PORTABLE 3,PORTABLE 3,Paul Bazooka,135,2021/04/19,5,11,-,9,5,10,13,-,6,12,-,-,6,12,-,-,
Enemy Storm ~Dark Jungle Mix~,PORTABLE 3,PORTABLE 3,Paul Bazooka,170,2021/04/19,8,-,14,-,5,12,15,14,8,-,14,13,7,13,15,-,
Everything,PORTABLE 3,PORTABLE 3,3rd Coast,130,2021/04/19,3,9,-,5,5,9,-,-,4,9,12,6,6,11,-,-,
Gone Astray,PORTABLE 3,PORTABLE 3,makou,140,2021/04/19,8,-,14,14,6,11,14,-,8,12,14,12,6,12,14,-,
Hanz up!,PORTABLE 3,PORTABLE 3,Mr.Funky,129,2021/04/19,6,-,13,-,5,-,13,11,4,12,-,11,6,12,-,-,
IF,PORTABLE 3,PORTABLE 3,Vanilla Unity,134,2021/04/19,3,6,10,-,5,12,-,-,3,8,11,-,6,10,12,8,
Leave me alone,PORTABLE 3,PORTABLE 3,NieN,118~236,2021/04/19,7,10,13,-,7,11,13,12,8,12,14,11,6,12,14,11,
Luv Flow ~Funky House Mix~,PORTABLE 3,PORTABLE 3,Paul Bazooka,127,2021/04/19,3,-,11,-,4,9,-,6,4,8,11,-,5,12,-,-,
Luv is True,PORTABLE 3,PORTABLE 3,3rd Coast,128,2021/04/19,4,8,-,5,3,8,10,-,4,11,-,-,5,9,11,-,
MASAI ~Electro House Mix~,PORTABLE 3,PORTABLE 3,Paul Bazooka,128,2021/04/19,5,11,-,9,5,11,-,9,7,12,-,-,6,12,-,8,
Mellow D Fantasy,PORTABLE 3,PORTABLE 3,NieN,132,2021/04/19,2,-,11,-,3,-,11,5,4,11,-,-,5,11,-,5,
NB Ranger : Nonstop Remix,PORTABLE 3,PORTABLE 3,Paul Bazooka,140~185,2021/04/19,6,-,13,-,6,-,14,-,6,-,13,-,5,11,14,12,
Out Law : Reborn,PORTABLE 3,PORTABLE 3,Mr.Funky,130,2021/04/19,7,10,13,9,5,10,14,-,7,10,14,12,6,11,14,12,
Raise me up,PORTABLE 3,PORTABLE 3,Planetboom,130,2021/04/19,4,11,-,-,4,-,11,5,4,11,-,5,5,10,12,-,
Season (Warm Mix),PORTABLE 3,PORTABLE 3,makou,105,2021/04/19,2,6,-,-,3,6,-,-,3,6,-,-,5,-,9,-,
SuperSonic ~Mr.Funky Dirty Planet Remix~,PORTABLE 3,PORTABLE 3,Mr.Funky,130,2021/04/19,6,9,13,-,6,10,13,9,5,10,12,9,5,10,13,-,
The Rain Maker,PORTABLE 3,PORTABLE 3,Paul Bazooka,138,2021/04/19,7,-,13,13,5,11,13,-,5,-,13,10,5,13,-,-,
Waiting for the Sun,PORTABLE 3,PORTABLE 3,MindCube,136,2021/04/19,4,-,10,5,5,11,-,-,5,10,-,-,5,11,-,-,
Your Smile,PORTABLE 3,PORTABLE 3,Cistrans (RoseLine),128,2021/04/19,4,9,-,-,4,8,-,5,4,10,-,5,6,11,-,-,
ZET ~Mr.Funky Remix~,PORTABLE 3,PORTABLE 3,Mr.Funky,128,2021/04/19,5,12,-,-,6,-,12,11,5,11,-,9,5,-,13,-,
A Lie ~Deep Inside Mix~,TRILOGY,TRILOGY,Electronic Boutique,110,2020/04/14,4,9,-,-,6,-,11,-,4,11,-,-,6,10,-,-,
Bye Bye Love ~Nu Jazz Mix~,TRILOGY,TRILOGY,Electronic Boutique,130,2020/04/14,5,8,11,-,6,10,-,-,6,8,11,-,6,9,11,-,
Catch You,TRILOGY,TRILOGY,Forte Escape,180,2020/04/14,3,8,-,5,6,8,10,-,4,8,-,6,6,8,12,-,
For Seasons ~Air Guitar Mix~,TRILOGY,TRILOGY,Planetboom,116,2020/04/14,3,10,-,-,5,7,10,-,5,-,10,11,5,10,-,-,
Get Out ~Hip Noodle Mix~,TRILOGY,TRILOGY,DJ EON,123,2020/04/14,6,10,-,-,5,8,12,-,6,9,-,-,5,9,12,-,
Memory of Wind,TRILOGY,TRILOGY,Forte Escape,110,2020/04/14,3,8,-,2,3,6,-,-,3,7,-,-,4,9,-,2,
Mind Control,TRILOGY,TRILOGY,NieN,185,2020/04/14,8,10,13,-,9,11,-,12,9,12,14,-,9,11,14,12,
My Jealousy,TRILOGY,TRILOGY,3rd Coast,130,2020/04/14,4,7,10,-,6,8,-,-,6,8,12,-,6,8,12,-,
NB Girls,TRILOGY,TRILOGY,NieN,162,2020/04/14,6,9,-,-,7,-,12,11,5,9,11,8,7,12,-,-,
sO mUCH iN LUV ~Melodic Twisted Mix~,TRILOGY,TRILOGY,Forte Escape,122,2020/04/14,5,8,-,-,5,8,-,-,4,7,10,-,6,8,10,-,
Someday,TRILOGY,TRILOGY,NieN,136,2020/04/14,3,5,9,5,4,8,10,-,5,7,11,8,4,6,10,-,
STOP,TRILOGY,TRILOGY,3rd Coast,90~162,2020/04/14,6,10,-,-,8,-,13,8,7,9,11,-,6,9,13,-,
Streetlight,TRILOGY,TRILOGY,Nauts,115,2020/04/14,2,7,-,3,3,6,-,-,5,9,-,-,4,8,-,2,
Syriana ~Blast Wave Mix~,TRILOGY,TRILOGY,DJ EON,135,2020/04/14,8,10,-,-,8,10,12,-,8,11,-,8,8,10,13,-,
Talk! Talk!,TRILOGY,TRILOGY,xxdbxx,143,2020/04/14,5,10,13,-,6,8,13,-,8,11,13,-,7,9,12,-,
The One,TRILOGY,TRILOGY,Paul Bazooka,125,2020/04/14,5,10,-,9,5,9,11,11,7,10,12,10,6,9,12,-,
Ventilator,TRILOGY,TRILOGY,Cycle75,145,2020/04/14,9,11,15,-,9,11,14,-,9,12,14,13,9,12,14,13,
Yo Creo Que Si ~Live House Version~,TRILOGY,TRILOGY,BEXTER,135,2020/04/14,7,9,12,-,7,9,-,8,6,8,12,10,7,9,11,6,
Your Own Miracle ~Disco House Mix~,TRILOGY,TRILOGY,makou,130,2020/04/14,4,8,10,-,5,11,-,-,6,-,11,-,3,8,-,8,
ZET,TRILOGY,TRILOGY,BEXTER,125,2020/04/14,7,10,-,-,7,10,-,11,7,9,13,-,8,11,13,8,
Closer,Clazziquai Edition,CLAZZIQUAI,3rd Coast,120,2020/05/28,3,-,8,-,3,8,-,-,3,6,-,-,4,8,-,-,
Coastal Tempo,Clazziquai Edition,CLAZZIQUAI,3rd Coast,135,2020/05/28,5,7,11,-,3,8,12,-,4,7,11,5,4,8,11,7,
Color,Clazziquai Edition,CLAZZIQUAI,CLAZZIQUAI,120,2020/05/28,5,-,11,-,5,10,-,11,7,-,11,7,5,9,12,-,
Come to me,Clazziquai Edition,CLAZZIQUAI,CLAZZIQUAI,125,2020/05/28,3,5,8,3,4,-,8,5,2,7,9,-,4,8,12,-,
Creator,Clazziquai Edition,CLAZZIQUAI,CLAZZIQUAI,117,2020/05/28,2,7,13,-,1,5,11,-,5,9,-,8,1,10,-,8,
DARK ENVY,Clazziquai Edition,CLAZZIQUAI,Sugardonut,195,2020/05/28,6,11,15,-,6,10,14,14,7,10,13,13,6,9,14,-,
Electronics,Clazziquai Edition,CLAZZIQUAI,CLAZZIQUAI,128,2020/05/28,4,8,11,11,4,8,13,-,5,8,12,-,4,9,13,11,
Fate,Clazziquai Edition,CLAZZIQUAI,STi,110,2020/05/28,3,7,9,-,3,8,10,-,3,9,-,-,3,7,10,5,
First Kiss,Clazziquai Edition,CLAZZIQUAI,BJJ,107,2020/05/28,2,4,8,3,2,4,7,-,2,5,7,-,2,4,8,-,
Flea,Clazziquai Edition,CLAZZIQUAI,CLAZZIQUAI,126,2020/05/28,4,9,12,-,4,9,12,-,5,9,12,8,6,-,13,-,
Forever,Clazziquai Edition,CLAZZIQUAI,BEXTER,114,2020/05/28,4,6,8,-,4,-,8,-,3,6,9,7,2,6,9,4,
Freedom,Clazziquai Edition,CLAZZIQUAI,CLAZZIQUAI,126,2020/05/28,5,7,10,-,5,7,10,-,7,-,11,-,6,8,10,-,
Here in the Moment,Clazziquai Edition,CLAZZIQUAI,Ruby Tuesday,115,2020/05/28,4,7,10,5,4,8,10,8,6,8,10,-,5,-,10,6,
Here in the Moment ~Extended Mix~,LINK DISC (CE+),CLAZZIQUAI,Ruby Tuesday,115,2020/09/24,4,6,9,8,5,8,11,-,6,9,12,-,5,8,11,8,
In My Heart,Clazziquai Edition,CLAZZIQUAI,Tsukasa,123,2020/05/28,3,7,10,-,4,7,10,-,4,8,10,6,3,7,11,4,
Love Mode,Clazziquai Edition,CLAZZIQUAI,CLAZZIQUAI,120,2020/05/28,3,8,-,2,2,6,9,-,4,9,-,6,2,6,10,-,
Lover (CE Style),Clazziquai Edition,CLAZZIQUAI,ND Lee,145,2020/05/28,5,8,10,-,5,11,-,4,5,8,11,-,4,8,10,7,
"Proposed, Flower, Wolf",Clazziquai Edition,CLAZZIQUAI,ReX,80,2020/05/28,1,3,6,-,1,6,-,1,1,4,7,-,1,3,7,1,
Tell Me,Clazziquai Edition,CLAZZIQUAI,Lee Geol,89,2020/05/28,1,6,-,-,2,5,9,-,3,6,8,-,1,8,-,-,
The Clear Blue Sky,Clazziquai Edition,CLAZZIQUAI,Tsukasa,178,2020/05/28,4,9,13,-,6,8,13,12,6,9,13,8,4,10,13,8,
The Night Stage,Clazziquai Edition,CLAZZIQUAI,CLAZZIQUAI,120,2020/05/28,3,6,-,3,3,7,-,-,3,8,-,-,3,7,10,-,
To You [Sweetune],Clazziquai Edition,CLAZZIQUAI,Sweetune,133,2020/05/28,3,6,-,8,2,-,8,8,2,5,9,-,2,7,-,-,
Urban Night,Clazziquai Edition,CLAZZIQUAI,hYO,93,2020/05/28,4,8,-,-,5,8,-,-,3,8,-,-,3,-,8,-,
Y (CE Style),Clazziquai Edition,CLAZZIQUAI,ND Lee,130,2020/05/28,5,8,11,7,5,10,-,-,5,8,11,-,5,9,13,-,
Airwave ~Extended Mix~,LINK DISC (BS+),BLACK SQUARE,ReX,150,2020/09/24,8,10,13,-,7,10,14,-,6,12,14,-,7,10,13,-,
Beat U Down,BLACK SQUARE,BLACK SQUARE,makou,155,2020/05/28,8,12,14,-,8,10,14,-,9,12,14,11,8,10,14,-,
Colours of Sorrow,BLACK SQUARE,BLACK SQUARE,Tsukasa,143,2020/05/28,4,-,11,6,6,9,12,-,5,9,12,7,6,9,13,-,
Cypher Gate,BLACK SQUARE,BLACK SQUARE,7 Sequence,150,2020/05/28,5,8,-,10,7,10,-,12,7,10,13,-,7,10,13,11,
Desperado,BLACK SQUARE,BLACK SQUARE,Croove,130,2020/05/28,5,9,11,-,7,11,-,-,5,8,11,-,7,12,-,-,
Fermion,BLACK SQUARE,BLACK SQUARE,makou,156,2020/05/28,8,11,14,-,7,9,14,13,8,12,14,-,7,10,15,12,
Fever Pitch Girl,BLACK SQUARE,BLACK SQUARE,Nikacha,136,2020/05/28,5,8,-,6,4,7,10,-,6,10,-,-,6,11,-,5,
Get Down,BLACK SQUARE,BLACK SQUARE,BJJ,111,2020/05/28,4,7,9,-,4,9,-,-,4,7,10,3,5,10,-,-,
Grave Consequence,BLACK SQUARE,BLACK SQUARE,Tsukasa,180,2020/05/28,6,10,14,-,6,10,13,-,7,12,-,13,7,10,14,-,
Heart of Witch,BLACK SQUARE,BLACK SQUARE,ReX,170,2020/05/28,7,12,14,-,7,11,15,14,7,12,14,13,8,12,15,14,
In my Dream,BLACK SQUARE,BLACK SQUARE,ND Lee,140,2020/05/28,5,10,14,-,8,11,14,12,5,11,14,14,8,10,15,-,
Jealousy,BLACK SQUARE,BLACK SQUARE,3rd Coast,125,2020/05/28,3,7,-,3,3,7,9,-,4,-,9,-,3,8,9,-,
Keys to the World,BLACK SQUARE,BLACK SQUARE,Planetboom,160,2020/05/28,5,8,12,9,6,9,13,-,6,11,-,11,6,10,13,-,
Lovely hands,BLACK SQUARE,BLACK SQUARE,Planetboom,132,2020/05/28,4,-,10,-,5,9,11,-,3,10,-,6,6,9,11,5,
Lover (BS Style),BLACK SQUARE,BLACK SQUARE,ND Lee,145,2020/05/28,5,7,12,5,5,10,-,8,4,8,11,-,5,8,10,-,
PDM,BLACK SQUARE,BLACK SQUARE,Trish,120,2020/05/28,3,7,10,-,4,7,9,-,3,10,-,8,4,9,-,3,
"Proposed, Flower, Wolf part.2",BLACK SQUARE,BLACK SQUARE,ReX,160,2020/05/28,3,8,-,-,4,10,-,4,4,8,11,-,5,11,-,7,
Ready Now,BLACK SQUARE,BLACK SQUARE,Ruby Tuesday,135,2020/05/28,4,8,-,4,4,7,9,6,4,7,10,-,5,-,9,5,
Ruti'n,BLACK SQUARE,BLACK SQUARE,BEXTER,120,2020/05/28,4,10,-,-,5,8,11,-,4,9,11,-,5,10,-,-,
Secret World,BLACK SQUARE,BLACK SQUARE,Sweetune,110,2020/05/28,4,7,10,-,3,8,-,-,4,7,10,-,4,-,9,-,
Y (BS Style),BLACK SQUARE,BLACK SQUARE,ND Lee,130,2020/05/28,5,8,11,5,4,7,-,4,4,8,12,-,4,8,12,-,
Attack,V EXTENSION,V EXTENSION,Mr.Funky,150,2020/03/12,4,7,10,7,5,9,-,11,5,10,13,7,6,8,14,11,
BLACK GOLD,V EXTENSION,V EXTENSION,Cranky,155,2020/03/12,6,11,13,-,6,12,14,11,6,12,14,11,6,11,14,-,
Do It,V EXTENSION,V EXTENSION,House Rulez,129,2020/03/12,5,8,12,4,7,-,11,4,5,11,-,6,5,11,-,4,
Dream it,V EXTENSION,V EXTENSION,BEXTER,175,2020/03/12,4,8,11,9,4,7,11,-,4,7,10,10,5,8,12,-,
Fancy Night,V EXTENSION,V EXTENSION,SiNA x CHUCK,122,2020/03/12,2,5,9,5,4,6,9,5,4,7,9,6,6,-,10,5,
FIGHT NIGHT (feat. Calyae),V EXTENSION,V EXTENSION,Messier,190,2020/03/12,5,8,13,10,6,10,13,-,6,10,13,-,8,12,14,9,
Kensei,V EXTENSION,V EXTENSION,Pure100%,170,2020/03/12,7,10,14,12,8,12,14,13,7,11,14,13,8,12,14,13,
Lisrim,V EXTENSION,V EXTENSION,onoken,172,2020/03/12,6,8,14,-,6,9,13,13,5,8,13,10,6,10,14,-,
Lost Serenity,V EXTENSION,V EXTENSION,Benicx,162,2020/03/12,4,7,10,6,4,8,11,8,4,7,11,7,6,11,-,5,
Lost Temple,V EXTENSION,V EXTENSION,IMLAY,104,2020/03/12,5,8,-,12,3,8,11,-,5,8,10,11,5,7,12,-,
Maharajah -fenomeno edition-,V EXTENSION,V EXTENSION,Alice Schach and the Magic Orchestra,120,2020/03/12,3,5,10,5,5,9,11,5,5,7,11,8,6,9,11,7,
Misty Er'A,V EXTENSION,V EXTENSION,Mycin.T x jam-jam,66~120,2020/03/12,3,6,10,-,3,7,10,-,4,9,-,9,5,7,10,-,
Move Yourself,V EXTENSION,V EXTENSION,IMLAY / YESEO,125,2020/03/12,2,4,7,6,4,6,9,7,5,7,10,8,4,7,11,9,
NANAIRO,V EXTENSION,V EXTENSION,HAYAKO,150,2020/03/12,3,8,11,7,5,8,12,-,5,8,12,9,5,9,13,-,
Never Die,V EXTENSION,V EXTENSION,Paul Bazooka,172,2020/03/12,5,9,14,11,7,10,14,12,6,10,14,12,6,11,14,11,
Remember Me,V EXTENSION,V EXTENSION,NieN,180,2020/03/12,7,10,12,-,6,10,13,10,7,11,13,-,7,11,14,9,
Space Challenger,V EXTENSION,V EXTENSION,Bagagee Viphex13,170,2020/03/12,4,10,-,8,5,8,12,11,5,9,12,12,5,11,-,9,
Vile Requiem,V EXTENSION,V EXTENSION,GOTH,75~150,2020/03/12,7,13,-,-,6,10,13,-,5,10,13,12,6,10,14,-,
welcome to the space (feat. Jisun),V EXTENSION,V EXTENSION,Pory,135,2020/03/12,3,6,9,-,4,8,11,9,4,-,10,-,4,9,11,8,
WONDER $LOT 777,V EXTENSION,V EXTENSION,MYUKKE.,155,2020/03/12,5,10,14,12,7,10,13,11,7,9,14,12,7,11,14,12,
Arcade Love (feat. KNVWN),V EXTENSION II,V EXTENSION 2,Newton / KNVWN,176,2022/01/25,5,10,-,8,5,12,-,6,5,-,11,7,4,11,-,8,
Chrysanthemum,V EXTENSION II,V EXTENSION 2,Kanallia,136,2022/01/25,5,8,12,9,6,9,11,-,6,9,-,11,7,12,-,12,
Cocked Pistol,V EXTENSION II,V EXTENSION 2,Pierre Blanche,150,2022/01/25,7,10,14,14,8,11,14,12,7,-,12,12,7,11,14,12,
Daydream,V EXTENSION II,V EXTENSION 2,Mycin.T x SiNA,192,2022/01/25,7,11,14,-,7,11,15,13,7,11,14,12,7,10,15,12,
FALLING IN LOVE,V EXTENSION II,V EXTENSION 2,NieN,118,2022/01/25,1,4,7,3,1,7,10,3,2,5,9,5,3,7,12,4,
Flowering ~Original Ver.~,V LINK (V1+),V EXTENSION 2,ampstyle,148,2022/01/25,6,9,13,-,7,13,-,11,7,11,13,-,4,9,13,11,
Forgotten,V EXTENSION II,V EXTENSION 2,Paul Bazooka,150,2022/01/25,6,12,-,11,7,-,11,11,6,11,-,-,7,12,11,12,
I’ve got a feeling,V EXTENSION II,V EXTENSION 2,LeeZu,190,2022/01/25,7,11,13,-,8,12,14,12,7,10,12,11,7,-,14,-,
Imaginary dance,V EXTENSION II,V EXTENSION 2,CHUCK,92,2022/01/25,5,8,-,10,3,6,14,-,3,5,-,13,3,6,14,12,
Melonaid,V EXTENSION II,V EXTENSION 2,KATOMORI,145,2022/01/25,5,11,13,8,6,11,13,9,7,11,13,9,5,10,-,10,
Memories of dreams,V EXTENSION II,V EXTENSION 2,Pory,142,2022/01/25,4,-,11,7,5,10,12,6,5,9,-,6,6,13,-,9,
Never let you go,V EXTENSION II,V EXTENSION 2,Blosso,170,2022/01/25,7,9,12,10,6,-,12,9,5,9,13,10,7,-,14,13,
Odysseus,V EXTENSION II,V EXTENSION 2,XeoN,187,2022/01/25,7,13,15,13,8,13,15,14,10,13,15,15,10,13,15,15,
Over Me,V EXTENSION II,V EXTENSION 2,SSOMbo,160,2022/01/25,6,-,14,-,7,10,14,14,8,-,13,13,7,-,14,13,
Red Eyes,V EXTENSION II,V EXTENSION 2,Cosmograph,120~155,2022/01/25,7,-,14,-,9,-,15,14,8,-,14,13,8,12,15,13,
Sweet On You,V EXTENSION II,V EXTENSION 2,jam-jam,118,2022/01/25,4,9,-,4,5,8,-,5,4,8,-,8,7,12,-,7,
Underwater Castle,V EXTENSION II,V EXTENSION 2,Nauts,92,2022/01/25,2,7,10,2,5,8,11,-,3,7,11,-,4,12,-,5,
Vertical Floating,V EXTENSION II,V EXTENSION 2,Tsukasa,180,2022/01/25,7,11,14,7,7,11,-,10,7,11,13,12,7,-,14,12,
Voyage [SOPHI],V EXTENSION II,V EXTENSION 2,SOPHI,160,2022/01/25,7,9,-,7,6,12,-,6,4,8,12,-,7,12,-,-,
Won’t Back Down,V EXTENSION II,V EXTENSION 2,Pure 100% / KASA,165,2022/01/25,7,11,13,13,7,11,13,12,4,7,14,13,7,11,14,13,
Zero to the hunnit,V EXTENSION II,V EXTENSION 2,SiNA,168,2022/01/25,7,-,13,12,8,-,13,-,3,9,12,-,7,-,13,13,
Cosmic Elevator,Emotional Sense,EMOTIONAL S.,Forte Escape,164,2020/03/12,4,8,-,-,5,10,-,-,6,12,-,-,6,12,-,-,
Feel,Emotional Sense,EMOTIONAL S.,DJ Mocha,123.8,2020/03/12,4,7,-,3,4,9,-,-,5,-,10,5,6,-,11,-,
Knowledge System,Emotional Sense,EMOTIONAL S.,Forte Escape,140,2020/03/12,6,10,-,12,7,11,13,-,7,10,13,-,7,10,13,11,
Real Over Drive,Emotional Sense,EMOTIONAL S.,NieN,152,2020/03/12,7,-,12,-,6,11,-,8,7,13,-,-,7,13,-,11,
Space of Soul,Emotional Sense,EMOTIONAL S.,M2U,160,2020/03/12,6,10,14,-,7,12,14,12,7,12,14,13,7,12,14,-,
Super Lovely,Emotional Sense,EMOTIONAL S.,Earbreaker,170,2020/03/12,7,11,15,-,6,12,15,14,6,11,15,14,6,12,15,-,
Urban Night [Electronic Boutique],Emotional Sense,EMOTIONAL S.,Electronic Boutique,124,2020/03/12,5,13,-,-,5,12,-,9,6,-,13,11,6,-,13,-,
Yo! Max!,Emotional Sense,EMOTIONAL S.,ND Lee,90,2020/03/12,2,8,-,-,4,8,-,-,4,-,8,-,4,8,-,-,
Access,TECHNIKA,TECHNIKA 1,Sphazer,135,2020/09/24,2,4,7,4,3,6,-,4,3,-,12,-,5,7,11,-,
Area 7,TECHNIKA,TECHNIKA 1,Sphazer,130,2020/09/24,4,-,10,-,4,7,10,-,5,7,11,-,4,7,12,-,
Beyond the Future,TECHNIKA,TECHNIKA 1,7 Sequence,130,2020/09/24,4,8,11,10,4,8,11,-,4,9,12,-,4,9,12,12,
Dear my Lady,TECHNIKA,TECHNIKA 1,Oriental ST8,128,2020/09/24,5,9,-,8,5,7,10,-,5,7,11,5,4,7,10,-,
DJMAX,TECHNIKA,TECHNIKA 1,Humming Urban Stereo,128,2020/09/24,2,7,-,-,3,-,8,-,4,8,-,-,4,8,-,-,
Fury,TECHNIKA,TECHNIKA 1,Sugardonut,135,2020/09/24,4,9,11,-,5,8,12,-,5,9,12,11,5,10,12,12,
HEXAD,TECHNIKA,TECHNIKA 1,Electronic Boutique,135,2020/09/24,5,10,13,10,5,9,12,11,5,9,12,12,6,10,13,-,
Honeymoon,TECHNIKA,TECHNIKA 1,Humming Urban Stereo,150,2020/09/24,3,5,8,-,4,-,8,-,4,8,-,-,3,9,-,-,
I want You,TECHNIKA,TECHNIKA 1,Lin-G,140,2020/09/24,3,6,8,8,3,8,10,-,5,8,11,5,4,9,11,-,
Landscape,TECHNIKA,TECHNIKA 1,Tsukasa,140,2020/09/24,6,9,-,-,6,8,11,9,5,9,12,11,7,9,13,12,
Melody,TECHNIKA,TECHNIKA 1,bermei.inazawa,188,2020/09/24,5,8,11,-,5,8,11,11,4,8,12,-,5,10,12,9,
Play the Future,TECHNIKA,TECHNIKA 1,Urbatronic Chopsticks,128,2020/09/24,4,9,-,8,4,7,10,-,6,10,-,-,5,-,10,-,
Remember,TECHNIKA,TECHNIKA 1,Lin-G,150,2020/09/24,3,8,10,-,4,7,10,4,4,7,11,-,5,-,11,5,
Shoreline,TECHNIKA,TECHNIKA 1,Oriental ST8,135,2020/09/24,4,8,10,-,6,11,-,-,6,11,-,8,6,8,12,9,
SON OF SUN,TECHNIKA,TECHNIKA 1,Hosoe Shinji,200,2020/09/24,7,10,14,-,7,10,14,13,7,11,14,-,7,10,15,14,
SON OF SUN ~Extended Mix~,LINK DISC (T1+),TECHNIKA 1,Hosoe Shinji,200,2020/09/24,7,10,14,-,7,10,15,-,7,11,14,-,8,11,15,-,
SuperSonic,TECHNIKA,TECHNIKA 1,Planetboom,156,2020/09/24,4,7,11,-,5,8,12,9,6,9,12,-,6,10,13,-,
Sweet Shining Shooting Star,TECHNIKA,TECHNIKA 1,Croove,140,2020/09/24,3,8,10,3,3,6,10,-,6,-,10,6,6,-,11,-,
The Last Dance,TECHNIKA,TECHNIKA 1,Urbatronic Chopsticks,102,2020/09/24,4,-,8,2,5,11,-,-,5,10,-,-,4,-,12,-,
Thor,TECHNIKA,TECHNIKA 1,XeoN,147,2020/09/24,7,11,14,-,6,10,14,-,6,11,14,12,7,11,14,12,
Voyage [makou],TECHNIKA,TECHNIKA 1,makou,125,2020/09/24,6,9,-,-,5,10,-,-,3,7,11,-,5,11,-,-,
Airwave,TECHNIKA 2,TECHNIKA 2,ReX,150,2020/09/24,5,9,12,12,6,9,13,-,7,-,14,13,7,11,13,-,
BEE-U-TIFUL,TECHNIKA 2,TECHNIKA 2,FIRST AID,170,2020/09/24,6,-,11,-,7,10,12,10,6,11,13,-,6,10,13,-,
Burn it Down,TECHNIKA 2,TECHNIKA 2,P'sycho-Remi,150,2020/09/24,4,7,9,-,4,9,-,-,4,8,11,-,5,7,12,-,
Cosmic Fantastic Lovesong,TECHNIKA 2,TECHNIKA 2,DINY,136,2020/09/24,2,5,9,3,3,8,11,-,3,7,12,-,4,7,11,-,
Cozy Quilt,TECHNIKA 2,TECHNIKA 2,bermei.inazawa,141,2020/09/24,3,9,-,-,2,7,-,4,3,7,-,5,3,7,12,-,
D2,TECHNIKA 2,TECHNIKA 2,FIRST AID,178,2020/09/24,7,-,14,13,6,9,13,14,7,12,15,-,7,11,15,13,
Dream of Winds,TECHNIKA 2,TECHNIKA 2,XeoN,150,2020/09/24,5,8,12,-,6,10,13,-,4,8,12,12,5,9,12,13,
Dual Strikers,TECHNIKA 2,TECHNIKA 2,7 Sequence,152,2020/09/24,6,8,-,12,6,9,12,-,6,10,13,-,7,10,13,9,
Eternal Fantasy,TECHNIKA 2,TECHNIKA 2,XeoN,127,2020/09/24,2,5,-,-,2,5,-,-,3,5,9,-,3,7,-,2,
La Campanella : Nu Rave,TECHNIKA 2,TECHNIKA 2,cranky,130-178,2020/09/24,6,9,13,9,7,13,-,11,7,-,13,-,7,11,13,10,
Love is Beautiful,TECHNIKA 2,TECHNIKA 2,Electronic Boutique,152,2020/09/24,4,5,7,-,5,8,-,3,4,7,9,-,5,9,-,3,
MonoXide,TECHNIKA 2,TECHNIKA 2,Planetboom,135,2020/09/24,5,9,12,-,6,12,-,-,6,9,12,8,5,12,-,8,
Nova ~Mr.Funky Remix~,TECHNIKA 2,TECHNIKA 2,Mr.Funky,136,2020/09/24,5,7,-,7,6,10,-,6,7,10,12,-,6,-,12,-,
Put'Em Up,TECHNIKA 2,TECHNIKA 2,makou,100,2020/09/24,2,5,8,-,5,9,-,-,3,6,9,-,5,10,-,5,
Puzzler,TECHNIKA 2,TECHNIKA 2,Electronic Boutique,130,2020/09/24,5,-,10,-,4,10,-,4,4,11,-,-,5,9,12,-,
Rage Of Demon,TECHNIKA 2,TECHNIKA 2,NieN,196,2020/09/24,6,11,15,13,8,11,15,-,8,12,15,14,8,13,15,13,
Say it from your heart,TECHNIKA 2,TECHNIKA 2,makou,130,2020/09/24,3,5,10,-,4,8,10,-,3,8,-,5,4,9,-,-,
Sweet Dream,TECHNIKA 2,TECHNIKA 2,Lin-G,140,2020/09/24,4,6,10,-,3,5,8,6,4,7,11,7,5,11,-,-,
The Guilty,TECHNIKA 2,TECHNIKA 2,P'sycho-Remi,155,2020/09/24,4,7,12,-,6,10,13,9,7,12,-,-,7,-,13,11,
Thor ~Extended Mix~,TECHNIKA 2,TECHNIKA 2,XeoN,147,2020/09/24,5,11,14,-,6,10,15,-,6,11,14,-,8,-,14,12,
Trip,TECHNIKA 2,TECHNIKA 2,NieN,114,2020/09/24,1,4,6,2,2,5,8,-,3,5,8,-,3,5,8,-,
XLASHER,TECHNIKA 2,TECHNIKA 2,Hosoe Shinji,160,2020/09/24,4,8,11,-,5,10,13,13,4,8,13,-,6,10,13,-,
Y ~Extended Mix~,TECHNIKA 2,TECHNIKA 2,ND LEE,130,2020/09/24,6,-,12,8,6,10,12,-,6,9,12,-,6,10,13,-,
A Life With You,TECHNIKA 3,TECHNIKA 3,makou,122,2020/09/24,4,-,9,-,4,6,10,-,6,10,12,-,6,12,-,8,
AD2222,TECHNIKA 3,TECHNIKA 3,CROOVE,140,2020/09/24,5,8,11,-,6,9,14,12,6,10,13,12,6,10,12,-,
AD2222 ~Extended Mix~,TECHNIKA 3,TECHNIKA 3,CROOVE,140,2020/09/24,5,10,12,-,6,10,13,-,7,-,13,-,7,10,13,-,
Angel,TECHNIKA 3,TECHNIKA 3,Laurent Newfield & Ravenant,170,2020/09/24,4,9,12,-,6,10,12,-,6,9,13,-,6,10,12,8,
Bamboo on Bamboo,TECHNIKA 3,TECHNIKA 3,Sampling Masters MEGA,200,2020/09/24,8,12,15,13,6,12,15,-,7,12,15,13,8,12,15,-,
Black Swan,TECHNIKA 3,TECHNIKA 3,TAK,116-174,2020/09/24,5,8,12,-,5,11,13,-,5,10,12,13,6,10,14,13,
Dark Prism,TECHNIKA 3,TECHNIKA 3,Tsukasa,149,2020/09/24,7,13,-,-,5,12,13,11,5,11,14,13,6,-,13,-,
Dream Again,TECHNIKA 3,TECHNIKA 3,DINY,140,2020/09/24,2,5,9,-,4,7,-,-,4,7,-,-,3,9,10,-,
EGG,TECHNIKA 3,TECHNIKA 3,Nauts,176,2020/09/24,4,7,10,-,5,10,13,8,5,10,12,-,6,10,13,9,
EGG ~Extended Mix~,TECHNIKA 3,TECHNIKA 3,Nauts,176,2020/09/24,4,7,11,-,6,10,-,-,5,11,13,-,7,13,-,-,
Emblem,TECHNIKA 3,TECHNIKA 3,makou,240,2020/09/24,8,12,14,-,6,9,13,13,8,13,-,12,6,9,14,-,
Fallin' in LUV,TECHNIKA 3,TECHNIKA 3,3rd Coast,132,2020/09/24,3,7,-,3,3,8,10,-,3,6,10,-,5,-,10,4,
Feel Ma Beat,TECHNIKA 3,TECHNIKA 3,NieN,100,2020/09/24,7,11,14,-,9,11,14,-,8,11,14,9,8,11,14,12,
Ghost,TECHNIKA 3,TECHNIKA 3,STi,125,2020/09/24,3,5,9,6,4,-,8,6,4,9,-,-,5,10,12,-,
Give Me 5,TECHNIKA 3,TECHNIKA 3,ND Lee,121,2020/09/24,5,-,10,-,5,9,11,-,5,9,-,-,5,9,11,-,
Heart Beat Part.2,TECHNIKA 3,TECHNIKA 3,ND Lee,156,2020/09/24,2,4,8,4,5,8,-,-,4,-,10,-,6,-,11,-,
Kung-Fu Rider,TECHNIKA 3,TECHNIKA 3,AstroKid,133,2020/09/24,6,9,-,5,6,10,-,9,6,10,-,8,6,10,12,-,
"My Heart,My Soul",TECHNIKA 3,TECHNIKA 3,3rd Coast,123,2020/09/24,2,6,-,-,5,7,-,-,4,7,10,-,4,10,-,-,
Now a NEW Day,TECHNIKA 3,TECHNIKA 3,Sui.Jay,158,2020/09/24,3,7,10,8,5,8,11,-,5,9,11,6,5,8,11,-,
Out of CTRL,TECHNIKA 3,TECHNIKA 3,Mr.Funky,176.1,2020/09/24,7,10,13,12,7,11,-,13,8,13,-,-,6,10,13,11,
Over the Rainbow,TECHNIKA 3,TECHNIKA 3,Tsukasa,190,2020/09/24,7,12,-,12,5,9,12,-,7,10,12,12,7,13,-,-,
Right Back,TECHNIKA 3,TECHNIKA 3,TANUKI,175,2020/09/24,8,11,14,-,8,-,13,-,7,10,14,-,5,10,14,11,
Showdown,TECHNIKA 3,TECHNIKA 3,LeeZu,145,2020/09/24,6,9,13,-,6,8,-,10,5,11,14,-,6,10,13,12,
SigNalize,TECHNIKA 3,TECHNIKA 3,Paul Bazooka,132,2020/09/24,6,8,10,-,7,9,-,10,7,-,12,9,6,10,14,-,
Supernova,TECHNIKA 3,TECHNIKA 3,cranky,165,2020/09/24,5,-,11,-,6,-,12,12,5,9,13,-,6,-,14,13,
Supersonic 2011,TECHNIKA 3,TECHNIKA 3,Planetboom / Sound LAB,148,2020/09/24,6,12,-,12,7,11,-,12,7,12,-,-,5,10,14,-,
Wanna Be Your Lover,TECHNIKA 3,TECHNIKA 3,Laurent Newfield & Ravenant,128,2020/09/24,1,4,7,-,5,8,-,-,4,-,10,-,4,10,-,-,
Xeus,TECHNIKA 3,TECHNIKA 3,XeoN,148,2020/09/24,6,11,13,-,8,11,14,-,7,11,14,13,6,11,14,15,
You & Me,TECHNIKA 3,TECHNIKA 3,NieN,136,2020/09/24,3,5,7,3,4,8,-,3,3,7,10,-,3,7,10,-,
A Song of Sixpence,TECHNIKA TUNE & Q,TECHNIKA T&Q,makou,135,2022/07/28,3,7,10,5,3,6,10,6,2,4,8,5,3,6,10,5,TECHNIKA TUNE
Back To Life,TECHNIKA TUNE & Q,TECHNIKA T&Q,CROOVE,135,2022/07/28,6,8,11,7,4,8,12,5,3,5,12,7,5,8,12,7,TECHNIKA TUNE
Deborah,TECHNIKA TUNE & Q,TECHNIKA T&Q,Paul Bazooka,132,2022/07/28,5,9,13,9,5,10,13,11,4,7,11,10,6,9,12,10,TECHNIKA Q
Eternal Fantasy (Miya Vocal Mix),TECHNIKA TUNE & Q,TECHNIKA T&Q,XeoN,127,2022/07/28,3,6,8,3,3,6,9,5,3,5,7,4,3,6,11,6,TECHNIKA Q
Festa Nova,TECHNIKA TUNE & Q,TECHNIKA T&Q,TerraMycin,188-264,2022/07/28,6,10,12,8,5,9,12,8,7,9,12,12,6,10,14,13,TECHNIKA Q
Kal_wrnw,TECHNIKA TUNE & Q,TECHNIKA T&Q,LeeZu,140,2022/07/28,6,11,13,12,6,10,13,11,5,8,12,10,6,8,12,9,TECHNIKA Q
Love☆Panic,TECHNIKA TUNE & Q,TECHNIKA T&Q,hiyong,164,2022/07/28,4,8,10,5,3,7,10,5,5,8,10,6,4,8,11,7,TECHNIKA Q
Luv Yourself,TECHNIKA TUNE & Q,TECHNIKA T&Q,ND Lee,105,2022/07/28,2,7,10,5,3,7,9,5,1,3,9,4,3,7,9,5,TECHNIKA TUNE
Mukilteo Beach,TECHNIKA TUNE & Q,TECHNIKA T&Q,CROOVE,160,2022/07/28,4,6,9,6,3,6,10,6,3,6,8,8,3,8,10,8,TECHNIKA Q
Never Ending TECHNIKA,TECHNIKA TUNE & Q,TECHNIKA T&Q,Studio LAY-BACK,106,2022/07/28,3,7,10,6,2,5,8,4,3,6,9,8,5,8,11,7,TECHNIKA Q
Renovation,TECHNIKA TUNE & Q,TECHNIKA T&Q,XeoN,144,2022/07/28,7,10,13,10,6,11,14,13,6,10,13,12,6,9,13,10,TECHNIKA TUNE
Retention,TECHNIKA TUNE & Q,TECHNIKA T&Q,XeoN,130,2022/07/28,5,8,10,8,3,7,11,10,4,6,11,9,4,7,10,8,TECHNIKA Q
Shining My Boy,TECHNIKA TUNE & Q,TECHNIKA T&Q,AstroKid,133,2022/07/28,1,4,8,3,3,5,8,3,1,4,8,4,3,7,8,4,TECHNIKA TUNE
Silent Clarity,TECHNIKA TUNE & Q,TECHNIKA T&Q,Tsukasa,180,2022/07/28,5,8,13,10,6,9,13,9,6,8,12,12,6,9,13,10,TECHNIKA TUNE
Starlight Garden,TECHNIKA TUNE & Q,TECHNIKA T&Q,vneld,162,2022/07/28,4,8,10,6,4,8,11,5,4,7,11,7,4,7,11,6,TECHNIKA Q
Take on Me,TECHNIKA TUNE & Q,TECHNIKA T&Q,Cuve,128,2022/07/28,5,8,12,7,5,7,12,7,3,6,11,9,4,8,12,7,TECHNIKA TUNE
The MAX,TECHNIKA TUNE & Q,TECHNIKA T&Q,ND Lee,120,2022/07/28,3,8,10,6,3,6,9,5,4,7,10,8,4,8,11,8,TECHNIKA TUNE
Thor (Deepin' Absonant Mix),TECHNIKA TUNE & Q,TECHNIKA T&Q,XeoN,147,2022/07/28,5,9,14,10,4,10,14,11,5,8,12,11,5,11,14,13,TECHNIKA Q
VORTEX,TECHNIKA TUNE & Q,TECHNIKA T&Q,Electronic Boutique,145,2022/07/28,4,11,13,10,5,11,13,11,6,10,12,11,4,9,13,11,TECHNIKA Q
Break a Spell,標準,COLLABORATION,Daisuke Ishiwatari,200,2020/05/21,5,9,14,-,6,10,-,11,7,9,14,12,7,10,14,-,コラボ(GUILTY GEAR Xrd REV 2)
Holy Orders (Be Just Or Be Dead),標準,COLLABORATION,Daisuke Ishiwatari,120,2020/05/21,4,9,11,8,6,8,11,-,6,9,12,-,6,10,11,10,コラボ(GUILTY GEAR 2 -OVERTURE-)
Marionette,標準,COLLABORATION,Daisuke Ishiwatari,136,2020/05/21,5,9,13,-,7,12,-,12,6,10,13,12,8,-,13,-,コラボ(GUILTY GEAR Xrd -SIGN-)
Cyberozar,CHUNITHM,COLLABORATION,sakuzyo,186,2020/12/10,5,-,12,-,6,11,-,11,5,-,13,11,9,-,14,-,
Garakuta Doll Play,CHUNITHM,COLLABORATION,t+pazolite,128,2020/12/10,6,13,-,14,9,12,15,-,8,-,15,14,7,12,15,12,初出はmaimai
Ikazuchi,CHUNITHM,COLLABORATION,Takenobu Mitsuyoshi,200,2020/12/10,8,-,15,-,8,-,15,15,6,13,15,14,7,13,15,14,
Ray Tuning,CHUNITHM,COLLABORATION,NayutalieN,190,2020/12/10,5,12,-,11,6,13,-,-,6,13,-,9,7,13,-,-,
The wheel to the right,CHUNITHM,COLLABORATION,Sampling Masters MEGA,200,2020/12/10,6,11,14,-,7,13,-,12,6,12,15,12,6,13,15,-,
Trrricksters!!,CHUNITHM,COLLABORATION,s-don vs. Hino Isuka,155,2020/12/10,6,-,14,13,8,13,15,-,8,12,15,13,8,13,15,14,
AXION,CYTUS,COLLABORATION,sakuzyo,160,2020/07/16,4,-,12,-,5,12,-,9,5,11,13,12,5,13,-,-,初出はBMS(WirePuller2)
CODE NAME: ZERO,CYTUS,COLLABORATION,NeLiME,185~200,2020/07/16,5,12,-,12,6,12,15,-,5,12,13,13,6,12,14,-,Cytus
conflict,CYTUS,COLLABORATION,Cranky + siromaru,160,2020/07/16,5,11,14,-,6,12,-,13,4,11,14,13,7,11,14,-,初出はBMS(BOF2011)
EMber,CYTUS,COLLABORATION,SIHanatsuka,145.12,2020/07/16,5,12,-,-,6,10,-,12,4,10,13,-,6,12,15,12,CytusII
Entrance,CYTUS,COLLABORATION,Ice,180,2020/07/16,7,-,15,-,7,13,-,-,9,-,15,14,6,12,15,14,Cytus
L,CYTUS,COLLABORATION,Ice,155,2020/07/16,3,12,-,12,5,-,14,-,6,12,15,14,8,-,15,13,初出はBMS(BOF2012)
Les Parfums de L'Amour,CYTUS,COLLABORATION,naotyu-,138~240,2020/07/16,4,-,13,-,7,-,13,-,5,-,12,-,8,14,-,-,Cytus
Mammal,CYTUS,COLLABORATION,Teikyou,190,2020/07/16,6,12,15,-,6,12,15,13,6,12,14,-,8,12,15,13,CytusII
Myosotis,CYTUS,COLLABORATION,M2U,160,2020/07/16,5,10,13,-,6,12,-,10,5,10,13,-,7,-,14,12,初出はDEEMO
Old Gold,CYTUS,COLLABORATION,Cranky,155,2020/07/16,6,11,-,6,6,11,13,-,5,10,13,-,6,11,13,10,Cytus
Shoot out,CYTUS,COLLABORATION,Tsukasa,140,2020/07/16,3,8,12,-,4,11,13,-,4,10,13,-,5,9,13,-,Cytus
Ververg,CYTUS,COLLABORATION,onoken,190,2020/07/16,4,-,9,4,4,-,12,8,4,10,-,-,4,12,-,-,Cytus
Angelic Sphere,DEEMO,COLLABORATION,3R2,143,2020/07/16,4,9,13,8,5,10,13,-,4,8,13,11,6,9,12,-,
ANiMA,DEEMO,COLLABORATION,xi,183.5,2020/07/16,6,9,14,13,8,13,15,13,7,13,15,15,8,12,15,-,
Dream,DEEMO,COLLABORATION,Rabpit,150,2020/07/16,2,-,8,-,3,-,10,-,2,-,11,-,5,8,11,-,
Legacy,DEEMO,COLLABORATION,switchworks,120,2020/07/16,3,7,9,-,4,8,-,-,4,8,-,4,4,8,11,4,
Magnolia,DEEMO,COLLABORATION,M2U,160,2020/07/16,6,10,13,9,6,10,11,8,6,11,13,8,7,11,13,-,
Nine point eight,DEEMO,COLLABORATION,Mili,164,2020/07/16,5,8,12,-,5,9,12,5,6,9,12,-,7,11,-,8,
Sairai,DEEMO,COLLABORATION,Shinichi Kobayashi,95,2020/07/16,3,-,8,4,3,6,9,-,5,-,9,3,5,7,12,-,
Undo,DEEMO,COLLABORATION,Yuk-cheung Chun,141,2020/07/16,4,9,-,-,5,7,10,-,4,7,10,-,4,8,10,-,
Utopiosphere,DEEMO,COLLABORATION,Mili,176,2020/07/16,4,6,10,-,4,8,-,4,4,8,12,-,5,11,-,3,
YUBIKIRI-GENMAN,DEEMO,COLLABORATION,Mili,146,2020/07/16,5,10,-,-,5,-,11,-,4,-,10,-,4,-,10,3,
HELIX,ESTIMATE,COLLABORATION,ESTi,175,2021/07/22,6,-,12,-,7,10,13,13,7,10,13,12,6,11,13,12,O2Jam
In My Heart ~ESTi Remix~,ESTIMATE,COLLABORATION,ESTi,128,2021/07/22,4,9,-,5,5,11,-,-,5,10,-,6,6,10,-,4,アルバム「The Clear Blue Sky」収録
Obelisque,ESTIMATE,COLLABORATION,ESTi & M2U,130,2021/07/22,7,-,12,-,6,10,13,8,7,10,12,9,7,11,13,11,O2Jam
pit-a-pet,ESTIMATE,COLLABORATION,TAK / seibin,116,2021/07/22,3,7,-,5,5,9,12,7,5,9,-,-,6,-,11,-,版権(ESTIMATE)
U-NIVUS,ESTIMATE,COLLABORATION,ESTi,130,2021/07/22,5,9,-,5,5,11,-,5,4,11,-,-,6,11,-,-,O2Jam
Black MInD,GROOVE COASTER,COLLABORATION,COSIO,192,2020/04/14,5,9,14,-,6,12,14,-,6,12,14,14,5,12,14,12,
"Good Night, Bad Luck.",GROOVE COASTER,COLLABORATION,t+pazolite,142.5,2020/04/14,5,-,13,-,6,11,14,13,8,11,14,-,7,12,14,13,
Got more raves?,GROOVE COASTER,COLLABORATION,E.G.G.,133,2020/04/14,4,7,12,-,6,10,13,12,5,10,12,12,6,10,13,-,
Groove Prayer,GROOVE COASTER,COLLABORATION,COSIO,190,2020/04/14,3,5,8,11,5,8,11,-,5,-,11,-,4,9,11,7,
HB-axeleration,GROOVE COASTER,COLLABORATION,Tsukasa Yatoki,158,2020/04/14,2,6,12,-,4,8,12,-,4,11,-,-,6,9,12,-,
"Marry me, Nightmare",GROOVE COASTER,COLLABORATION,t+pazolite,114-142,2020/04/14,6,11,13,-,7,-,14,13,7,11,13,13,8,12,14,-,
ouroboros -twin stroke of the end-,GROOVE COASTER,COLLABORATION,Cranky VS MASAKI,188,2020/04/14,7,12,15,14,7,13,15,14,8,13,15,15,8,12,15,-,
OVER THE NIGHT,GROOVE COASTER,COLLABORATION,REDALiCE,175,2020/04/14,5,8,-,9,6,9,-,-,5,-,11,12,7,12,-,-,
Satisfiction,GROOVE COASTER,COLLABORATION,t+pazolite,195,2020/04/14,5,8,-,8,6,9,11,8,7,11,14,-,5,10,13,-,
Warrior,GROOVE COASTER,COLLABORATION,Cranky,170,2020/04/14,7,11,14,-,5,11,15,-,6,11,14,13,6,11,14,13,
Barbarous Funera,GIRLS' FRONTLINE,COLLABORATION,Rikako Watanabe (Basiscape),140,2020/12/10,4,8,11,-,5,9,12,-,6,9,12,12,7,-,13,11,
Frontline,GIRLS' FRONTLINE,COLLABORATION,B@kamin / M2U,198,2020/12/10,4,8,12,-,6,10,-,8,6,10,-,11,6,9,13,-,
What am I fighting for?,GIRLS' FRONTLINE,COLLABORATION,Haloweak,175,2020/12/10,3,7,-,8,4,10,-,11,4,-,12,-,6,12,-,-,
恋のMoonlight,MUSE DASH,COLLABORATION,REDALiCE,128,2022/04/28,3,8,12,3,5,8,11,6,2,6,11,4,5,11,-,3,
Bang!!,MUSE DASH,COLLABORATION,BOOGEY VOXX,130,2022/04/28,3,10,-,6,4,7,11,-,3,8,-,8,5,10,12,6,版権
can you feel it,MUSE DASH,COLLABORATION,MK,128,2022/04/28,4,8,12,5,5,11,-,6,2,5,9,6,6,11,-,7,版権
Comet Coaster,MUSE DASH,COLLABORATION,DJ Noriken & aran,180,2022/04/28,4,10,13,12,6,9,13,13,4,8,12,13,7,12,14,13,
Cthugha,MUSE DASH,COLLABORATION,USAO,213,2022/04/28,5,12,15,14,8,12,15,14,6,10,15,14,8,12,15,14,
DataErr0r,MUSE DASH,COLLABORATION,Cosmograph,180,2022/04/28,6,11,13,10,7,-,14,13,5,8,13,12,7,12,15,-,初出はBMS(BOFU2015)
Dysthymia,MUSE DASH,COLLABORATION,a_hisa,190,2022/04/28,5,11,14,12,6,10,15,-,6,11,14,13,6,12,15,13,版権
ENERGY SYNERGY MATRIX,MUSE DASH,COLLABORATION,Tanchiky,160,2022/04/28,6,11,14,13,6,10,14,13,5,10,14,-,6,11,14,11,初出はBMS(BOFU2017)
Lights of Muse,MUSE DASH,COLLABORATION,Ayatsugu_Otowa,180,2022/04/28,7,12,14,13,7,11,14,13,5,8,13,14,8,12,15,13,
MUSEDASH!!!!,MUSE DASH,COLLABORATION,Dan@Yomi,145,2022/04/28,4,-,12,6,5,8,-,5,4,6,11,9,6,10,12,11,
Pancake is Love,MUSE DASH,COLLABORATION,3R2,155,2022/04/28,5,8,10,-,7,12,-,3,4,7,-,4,5,10,12,-,
PUPA,MUSE DASH,COLLABORATION,Morimori Atsushi,202,2022/04/28,7,12,15,15,7,12,15,15,7,11,14,15,10,13,15,14,初出はBMS(G2R2014)
tape/stop/night,MUSE DASH,COLLABORATION,Sugar & Co.,115,2022/04/28,3,10,-,-,5,11,-,6,2,7,-,5,5,8,12,5,
The 90's Decision,MUSE DASH,COLLABORATION,MYUKKE.,128,2022/04/28,5,11,13,6,6,11,13,9,5,9,12,-,6,11,13,9,
XING,MUSE DASH,COLLABORATION,ginkiha,177,2022/04/28,5,10,12,12,6,10,14,-,8,11,-,12,5,10,13,9,
Alliance x Empire,NEXON,COLLABORATION,NEXON,160,2021/10/28,4,9,-,-,4,8,12,10,6,11,-,-,7,13,-,-,AxE(FAITH/Alliance vs Empire)
An old story from Grandma,NEXON,COLLABORATION,HanStone,120,2021/10/28,2,9,-,2,6,10,-,3,4,9,-,-,5,9,-,-,マビノギ
Apparition,NEXON,COLLABORATION,ESTi,55~135,2021/10/28,2,4,9,7,7,11,-,-,6,12,-,9,7,10,12,9,テイルズウィーバー
Buyeo Fortress ~Blosso Remix~,NEXON,COLLABORATION,Blosso,160,2021/10/28,7,10,12,-,5,10,13,-,7,10,12,11,8,13,-,8,風の王国
Constant Moderato,NEXON,COLLABORATION,Mitsukiyo,112,2021/10/28,5,9,-,-,3,7,10,5,6,10,-,-,4,-,12,5,ブルーアーカイブ
Cromm Cruaich,NEXON,COLLABORATION,Studio EIM,160,2021/10/28,6,-,11,-,6,11,15,-,5,11,-,-,8,12,15,13,マビノギ英雄伝
It's my war now,NEXON,COLLABORATION,Kim Dong Hyun,175,2021/10/28,8,-,13,9,7,11,14,10,7,-,14,-,7,12,14,-,アラド戦記
Kartrider Mashup ~Cosmograph Remix~,NEXON,COLLABORATION,Cosmograph,180,2021/10/28,6,10,-,11,8,11,14,14,7,10,12,-,8,12,15,13,カートライダー
Kartrider Mashup ~Pure100% Remix~,NEXON,COLLABORATION,Pure100%,160,2021/10/28,6,-,13,13,6,10,13,-,7,9,13,9,7,-,14,-,カートライダー
"Kartrider, Crazyarcade, Bubblefighter Main theme ~CHUCK Remix~",NEXON,COLLABORATION,CHUCK,160,2021/10/28,4,9,-,13,7,11,14,13,7,-,13,-,8,-,13,-,カートライダー/クレイジーアーケード(BnB)/Bubble Fighter
"Lacheln, The City of Dreams",NEXON,COLLABORATION,NEXON,212,2021/10/28,5,7,-,-,6,11,-,-,6,-,11,7,4,10,-,4,メイプルストーリー
Lugh Lamhfada,NEXON,COLLABORATION,Studio EIM,200,2021/10/28,6,10,-,11,6,9,13,-,5,11,-,-,6,11,14,11,マビノギ英雄伝
Reminiscence,NEXON,COLLABORATION,Nauts,95,2021/10/28,3,5,10,-,4,9,12,-,5,11,-,6,4,9,12,5,テイルズウィーバー
Start The Adventure ~SOPHI Remix~,NEXON,COLLABORATION,SOPHI,165,2021/10/28,3,8,-,9,5,-,13,10,6,-,12,-,4,11,-,-,メイプルストーリー
Tayberrs - Collapsed Paradise,NEXON,COLLABORATION,Jung Young Gul,164-174,2021/10/28,3,7,12,-,5,-,11,-,6,-,12,8,7,12,-,-,アラド戦記
The Final Dance,NEXON,COLLABORATION,HanStone,120,2021/10/28,6,12,-,-,6,10,13,9,5,9,13,9,6,10,14,11,マビノギ
The Little Adventurer,NEXON,COLLABORATION,Studio EIM,98,2021/10/28,4,7,-,3,7,9,-,3,6,10,-,-,3,10,-,-,メイプルストーリー2
The Raindrop Flower ~jam-jam Remix~,NEXON,COLLABORATION,jam-jam,133,2021/10/28,7,12,-,9,6,11,13,9,6,-,13,-,6,11,13,-,メイプルストーリー
The Siege warfare ~Pierre Blanche Remix~,NEXON,COLLABORATION,Pierre Blanche,182,2021/10/28,7,11,14,-,7,12,14,-,7,12,14,12,7,13,-,10,風の王国
Where Legend Begin ~VoidRover Remix~,NEXON,COLLABORATION,VoidRover,184,2021/10/28,8,-,15,13,7,13,15,-,7,13,15,14,8,-,14,13,闇の伝説
Young Adventurer ~SiNA Remix~,NEXON,COLLABORATION,SiNA,137-150,2021/10/28,4,8,13,-,6,9,13,12,7,9,12,12,7,12,-,-,マビノギ
